{
    "Version": "4.0",
    "Fps": 15,
    "Content_name": "Dance",
    "Frames_number": 449,
    "BoundingBox_center": [ 0.0, 0.0, 0.0 ],
    "cameras": [
        {
            "Name": "viewport",
            "Rotation": [ 0.0, 0.0, 0.0 ],
            "Position": [ 0.0, 0.0, 0.0 ],
            "Depthmap": 1,
            "Background": 0,
            "Depth_range": [ 2.0, 5.0 ],
            "Resolution": [ 1920, 1080 ],
            "Projection": "Perspective",
            "Focal": [ 1.0023499755859375e+03, 1.0023499755859375e+03 ],
            "Principle_point": [ 960.0, 540.0 ],
            "BitDepthColor": 10,
            "BitDepthDepth": 10,
            "HasInvalidDepth": false,
            "ColorSpace": "YUV420",
            "DepthColorSpace": "YUV420"
        },
        {
            "Name": "v0",
            "Position": [ -6.1235978500917554e-04,
                3.0350592732429504e-01, 1.2498678406700492e-03 ],
            "Rotation": [ -2.5931793451309204e-01,
                2.7965161204338074e-01, 2.7814179658889771e-01 ],
            "Depthmap": 1,
            "Background": 0,
            "Depth_range": [ 2.0, 5.0 ],
            "Resolution": [ 1920, 1080 ],
            "Projection": "Perspective",
            "Focal": [ 1.0023499755859375e+03, 1.0023499755859375e+03 ],
            "Principle_point": [ 960.0, 540.0 ],
            "BitDepthColor": 10,
            "BitDepthDepth": 16,
            "HasInvalidDepth": false,
            "ColorSpace": "YUV420",
            "DepthColorSpace": "YUV420"
        },
        {
            "Name": "v1",
            "Position": [ -3.7092308048158884e-04,
                1.8432199954986572e-01, 2.1002032735850662e-04 ],
            "Rotation": [ 4.3957304954528809e-01,
                -1.7465753853321075e-01, 3.0717715620994568e-01 ],
            "Depthmap": 1,
            "Background": 0,
            "Depth_range": [ 2.0, 5.0 ],
            "Resolution": [ 1920, 1080 ],
            "Projection": "Perspective",
            "Focal": [ 1.0023499755859375e+03, 1.0023499755859375e+03 ],
            "Principle_point": [ 960.0, 540.0 ],
            "BitDepthColor": 10,
            "BitDepthDepth": 16,
            "HasInvalidDepth": false,
            "ColorSpace": "YUV420",
            "DepthColorSpace": "YUV420"
        },
        {
            "Name": "v2",
            "Position": [ 2.0933280757162720e-04, 6.0809109359979630e-02,
                1.3406283687800169e-04 ],
            "Rotation": [ 2.8282466530799866e-01,
                -1.6570021212100983e-01, -1.4506448805332184e-01 ],
            "Depthmap": 1,
            "Background": 0,
            "Depth_range": [ 2.0, 5.0 ],
            "Resolution": [ 1920, 1080 ],
            "Projection": "Perspective",
            "Focal": [ 1.0023499755859375e+03, 1.0023499755859375e+03 ],
            "Principle_point": [ 960.0, 540.0 ],
            "BitDepthColor": 10,
            "BitDepthDepth": 16,
            "HasInvalidDepth": false,
            "ColorSpace": "YUV420",
            "DepthColorSpace": "YUV420"
        },
        {
            "Name": "v3",
            "Position": [ -2.0933280757162720e-04,
                -6.0809109359979630e-02, -1.3406283687800169e-04 ],
            "Rotation": [ -2.8241956233978271e-01,
                1.6641677916049957e-01, 1.4424112439155579e-01 ],
            "Depthmap": 1,
            "Background": 0,
            "Depth_range": [ 2.0, 5.0 ],
            "Resolution": [ 1920, 1080 ],
            "Projection": "Perspective",
            "Focal": [ 1.0023499755859375e+03, 1.0023499755859375e+03 ],
            "Principle_point": [ 960.0, 540.0 ],
            "BitDepthColor": 10,
            "BitDepthDepth": 16,
            "HasInvalidDepth": false,
            "ColorSpace": "YUV420",
            "DepthColorSpace": "YUV420"
        },
        {
            "Name": "v4",
            "Position": [ -3.7430818192660809e-03,
                -1.9919219613075256e-01, 3.2512559555470943e-03 ],
            "Rotation": [ -3.0390796065330505e-01,
                6.1659258604049683e-01, 1.2419708073139191e-01 ],
            "Depthmap": 1,
            "Background": 0,
            "Depth_range": [ 2.0, 5.0 ],
            "Resolution": [ 1920, 1080 ],
            "Projection": "Perspective",
            "Focal": [ 1.0023499755859375e+03, 1.0023499755859375e+03 ],
            "Principle_point": [ 960.0, 540.0 ],
            "BitDepthColor": 10,
            "BitDepthDepth": 16,
            "HasInvalidDepth": false,
            "ColorSpace": "YUV420",
            "DepthColorSpace": "YUV420"
        },
        {
            "Name": "v5",
            "Position": [ -5.4633170366287231e-03,
                -3.1835544109344482e-01, 5.2268244326114655e-03 ],
            "Rotation": [ 7.3658883571624756e-01,
                -1.7683236300945282e-01, 2.0313706994056702e-01 ],
            "Depthmap": 1,
            "Background": 0,
            "Depth_range": [ 2.0, 5.0 ],
            "Resolution": [ 1920, 1080 ],
            "Projection": "Perspective",
            "Focal": [ 1.0023499755859375e+03, 1.0023499755859375e+03 ],
            "Principle_point": [ 960.0, 540.0 ],
            "BitDepthColor": 10,
            "BitDepthDepth": 16,
            "HasInvalidDepth": false,
            "ColorSpace": "YUV420",
            "DepthColorSpace": "YUV420"
        }
    ],
    "lengthsInMeters": true,
    "sourceCameraIds": [ 0, 1, 2, 3, 4, 5 ],
    "sourceCameraNames": [
        "v0",
        "v1",
        "v2",
        "v3",
        "v4",
        "v5"
    ]
}

